{
  "depth": 4,
  "iterations": 453,
  "learning_rate": 0.10226349535769663,
  "n_estimators_used": "408",
  "reg_lambda": 0.07744796325764351
}